Allele,Gene,Function
A*11:01:01:01,HLA-A,HLA_class_I
A*31:01:02:01,HLA-A,HLA_class_I
B*52:01:01:01,HLA-B,HLA_class_I
C*03:03:01:01,HLA-C,HLA_class_I
C*07:02:01:01,HLA-C,HLA_class_I
DRA*01:01:01:01,HLA-DRA,HLA_class_II
DRB1*11:04:01:01,HLA-DRB1,HLA_class_II
DRB1*12:10,HLA-DRB1,HLA_class_II
DRB3*02:02:01:01,HLA-DRB3,HLA_class_II
DQA1*05:05:01:01,HLA-DQA1,HLA_class_II
DQB1*03:01:01:01,HLA-DQB1,HLA_class_II
DPA1*01:03:01:01,HLA-DPA1,HLA_class_II
DPB1*04:02:01:01,HLA-DPB1,HLA_class_II
DPB1*05:01:01:01,HLA-DPB1,HLA_class_II
DMA*01:01:01:01,HLA-DMA,HLA_non_classical
DMB*01:01:01:01,HLA-DMB,HLA_non_classical
DMB*01:03:01:01,HLA-DMB,HLA_non_classical
DOA*01:01:01:01,HLA-DOA,HLA_non_classical
DOA*01:01:02:01,HLA-DOA,HLA_non_classical
DOB*01:01:01:01,HLA-DOB,HLA_non_classical
